;8.jpg;9.jpg;14.jpg;29.jpg;15.jpg;17.jpg;16.jpg;12.jpg;40.jpeg;13.jpg;39.jpg;11.jpg;10.jpg;38.jpg;21.jpg;35.jpg;34.jpg;20.jpg;36.jpg;22.jpg;23.jpg;37.jpg;33.jpg;27.jpg;26.jpg;18.jpg;24.jpg;30.jpg;19.jpeg;31.jpg;25.jpg;4.jpg;28.jpeg;5.jpg;7.jpg;32.jpeg;6.jpg;2.jpg;3.jpg;1.jpg
8.jpg;0;59.23;65.6;56.1;58;70.76;69.03;64.97;58.44;66.27;73.78;62.6;61.04;63.36;70.43;63.11;64.96;58.78;66.06;53.72;60.47;62.79;84.65;63.81;56;68.06;60.29;65.39;65.13;75.47;63.15;53.04;60.52;43.34;43.52;90.31;48.27;85.84;51.24;80.93
9.jpg;59.23;0;71.3;58.44;62.54;76.65;72.28;62.86;65.13;70.99;79.72;34.07;30.92;64.4;81.47;65.84;58.83;64.06;63.49;54.66;71.2;62.89;79.32;70.06;63.92;73.73;62.44;62.2;72.56;64.74;65.84;67.44;69.57;60.89;57.35;88.16;62.59;78.64;55.91;78.99
14.jpg;65.6;71.3;0;44.82;23.02;52.84;53.67;35.6;47.75;30.03;66.35;66.75;70.17;50.5;76.58;57.18;62.88;60;54.4;47.32;66.76;49.9;70.27;56.72;58.29;45.5;59.29;51.01;72.81;62.3;56.71;60.77;54.2;57.87;60.64;82.38;58.17;82.81;51.1;84.69
29.jpg;56.1;58.44;44.82;0;38.38;46.95;47.77;47.05;47.68;47.59;61.23;56.1;62.34;49.46;57.39;44.92;51.17;40.56;46.92;26.71;56.61;47.71;70.6;27.54;45.43;43.56;47.6;46.82;56.15;57.19;46.39;52.89;24.39;44.92;48.71;74.82;50.14;63.78;41.51;65.07
15.jpg;58;62.54;23.02;38.38;0;48.56;46.91;27.47;40.84;31.77;63.99;58.53;62.09;46.33;68.49;52.4;56.45;51.5;49.62;38.76;59.21;43.78;65.55;50.93;51.09;43.51;52.2;46.34;63.26;57.38;49;52.85;49;50.99;51.99;79.05;51.17;75.93;42.36;76.86
17.jpg;70.76;76.65;52.84;46.95;48.56;0;25.53;57.99;62.52;60.02;72.46;71.62;77.66;62.91;76.28;61.09;70.61;59.75;64.73;48.31;70.32;66.58;89.41;56.93;62.34;34.48;64.25;63.12;75.93;73.48;60.57;69.12;57.52;58.11;65.35;84.13;63.06;84.69;59.57;84.8
16.jpg;69.03;72.28;53.67;47.77;46.91;25.53;0;56.31;59.51;60.45;70.87;67.67;73.64;63.73;77.99;61.73;68.79;59.1;64.33;47.81;68.44;62.44;87.66;59.07;59.97;35.65;62.16;63.35;73.56;69.96;58.53;67.47;59.56;60.56;61.84;81.37;63.45;83.77;55.56;84.57
12.jpg;64.97;62.86;35.6;47.05;27.47;57.99;56.31;0;52.46;42.23;68.44;66.75;70.44;48.08;75.77;57.61;62.56;57.57;54.83;46.14;69.17;53.02;69.61;58.32;57.86;54.33;58.63;51.6;63.1;62.54;58.13;54.08;56.1;59.46;57.99;84.6;58.23;81.9;48.23;81.84
40.jpeg;58.44;65.13;47.75;47.68;40.84;62.52;59.51;52.46;0;55.45;58.07;61.61;66.04;32.89;75.39;56.54;63.24;59.09;57.25;45.85;62.63;31.78;68.26;60.09;54.88;58.36;58.07;55.55;69.07;65.42;57.02;50.89;58.25;52.9;55.51;78.01;54.98;79.84;43.34;71.02
13.jpg;66.27;70.99;30.03;47.59;31.77;60.02;60.45;42.23;55.45;0;67.92;71.94;74.95;55.07;75.79;56.6;61.1;59.32;55.56;48.25;71.96;52.04;72.35;54.23;60.9;55.67;59.94;53.31;71.29;64.72;61.72;62.65;54.6;63.18;64.98;78.16;62.16;83.84;53.74;84.67
39.jpg;73.78;79.72;66.35;61.23;63.99;72.46;70.87;68.44;58.07;67.92;0;80.39;81.49;58.63;85.61;60.21;64.34;68.77;55.51;59.8;80.25;59.69;55.97;71.63;69.22;69.01;68.16;53.5;79.87;60.66;75.42;75.52;68.22;71.96;71.59;41.65;71.78;86.85;68.83;89.85
11.jpg;62.6;34.07;66.75;56.1;58.53;71.62;67.67;66.75;61.61;71.94;80.39;0;31.05;65.72;80.47;63.77;57.16;63.35;61.64;53.25;66.89;58.72;87.3;66.18;60.62;68.51;60.82;59.66;76.49;70.16;59.41;65.09;66.89;52.67;52.38;96.23;59.18;75.76;53.61;75.62
10.jpg;61.04;30.92;70.17;62.34;62.09;77.66;73.64;70.44;66.04;74.95;81.49;31.05;0;70.92;85.11;70.24;61.75;67.08;59.25;58.93;69.97;67.53;85.05;74.33;67.82;75.31;66.44;65.57;81.1;68.45;65.89;68.12;74.25;60.42;60.49;91.3;63.1;75.07;57.71;75.81
38.jpg;63.36;64.4;50.5;49.46;46.33;62.91;63.73;48.08;32.89;55.07;58.63;65.72;70.92;0;75.28;55.15;65;60.62;58.56;47.62;66.54;28.02;66.07;58.94;56.32;60.99;57.35;52.64;67.66;68.31;59.04;63.53;55.7;54.94;59.36;77.9;55.96;82.36;55.22;82.56
21.jpg;70.43;81.47;76.58;57.39;68.49;76.28;77.99;75.77;75.39;75.79;85.61;80.47;85.11;75.28;0;61.1;76.1;43.02;71.89;45.51;80.65;74.96;96.48;62.3;71.73;73.57;71.43;73.09;42.91;85.8;73.78;79.54;69.05;76.31;67.05;99.38;69.71;61.05;65.68;63.54
35.jpg;63.11;65.84;57.18;44.92;52.4;61.09;61.73;57.61;56.54;56.6;60.21;63.77;70.24;55.15;61.1;0;43.86;53.93;44.96;43.64;61.43;49.35;64.06;54.09;55.5;59.52;52.92;42.26;66.66;56.29;56.73;60.54;49.74;57.92;58.5;68.3;53.44;73.03;49.93;78.13
34.jpg;64.96;58.83;62.88;51.17;56.45;70.61;68.79;62.56;63.24;61.1;64.34;57.16;61.75;65;76.1;43.86;0;60.7;30.02;51;70.76;57.97;59.41;62.66;64.39;67.99;62.82;35.71;72.28;45.46;64.86;67.09;61.08;65.97;67.28;67.34;64.84;68.68;58.36;72.45
20.jpg;58.78;64.06;60;40.56;51.5;59.75;59.1;57.57;59.09;59.32;68.77;63.35;67.08;60.62;43.02;53.93;60.7;0;51.96;30.1;65.38;57.28;80.36;49.16;57.01;57.45;57.38;56.52;36.84;65.7;57.5;62.85;53;58.76;51.61;80.93;60.25;38.83;49.35;41.85
36.jpg;66.06;63.49;54.4;46.92;49.62;64.73;64.33;54.83;57.25;55.56;55.51;61.64;59.25;58.56;71.89;44.96;30.02;51.96;0;46.76;69.59;58.59;50.85;57.14;60.45;62.55;57.82;38.84;68.74;45.66;60.87;62.21;54.34;62.84;63.04;59.79;61.22;62.66;54.46;67.26
22.jpg;53.72;54.66;47.32;26.71;38.76;48.31;47.81;46.14;45.85;48.25;59.8;53.25;58.93;47.62;45.51;43.64;51;30.1;46.76;0;54.17;44.73;70.25;37.35;44.62;45.4;42.68;45.73;49.09;55.97;46.25;52.61;39.97;47.8;44.2;74.22;48.2;52.01;39.87;54.02
23.jpg;60.47;71.2;66.76;56.61;59.21;70.32;68.44;69.17;62.63;71.96;80.25;66.89;69.97;66.54;80.65;61.43;70.76;65.38;69.59;54.17;0;66.34;91.77;67.99;47.9;70.08;42.6;69.14;76.18;81.66;51.05;68.35;67.16;54.76;60.42;97.25;62.54;89.48;62.63;91.23
37.jpg;62.79;62.89;49.9;47.71;43.78;66.58;62.44;53.02;31.78;52.04;59.69;58.72;67.53;28.02;74.96;49.35;57.97;57.28;58.59;44.73;66.34;0;60.59;56.84;56.56;60.53;57.9;47.25;68.88;57.51;60.33;62.52;57.66;55.24;56.82;71.77;54.79;73.91;52.99;78.38
33.jpg;84.65;79.32;70.27;70.6;65.55;89.41;87.66;69.61;68.26;72.35;55.97;87.3;85.05;66.07;96.48;64.06;59.41;80.36;50.85;70.25;91.77;60.59;0;82.18;81.39;86.84;75.44;47.53;90.1;44.33;82.85;79.61;79.41;82.67;84.73;60.13;79.29;92.81;73.66;94.53
27.jpg;63.81;70.06;56.72;27.54;50.93;56.93;59.07;58.32;60.09;54.23;71.63;66.18;74.33;58.94;62.3;54.09;62.66;49.16;57.14;37.35;67.99;56.84;82.18;0;56.91;53.54;57.54;56.28;62.72;70.06;57.78;55.1;24.79;55.67;54.28;85.29;53.93;71.65;51.1;75.24
26.jpg;56;63.92;58.29;45.43;51.09;62.34;59.97;57.86;54.88;60.9;69.22;60.62;67.82;56.32;71.73;55.5;64.39;57.01;60.45;44.62;47.9;56.56;81.39;56.91;0;59.2;41.41;58.85;69.24;70.93;28.95;57.55;54.73;48.68;52.9;88.02;52.94;80.54;51.21;82.29
18.jpg;68.06;73.73;45.5;43.56;43.51;34.48;35.65;54.33;58.36;55.67;69.01;68.51;75.31;60.99;73.57;59.52;67.99;57.45;62.55;45.4;70.08;60.53;86.84;53.54;59.2;0;61.5;60.99;73.04;72.49;59.62;65.5;55.78;60.5;61.85;82.48;62.04;81.82;55.31;82.15
24.jpg;60.29;62.44;59.29;47.6;52.2;64.25;62.16;58.63;58.07;59.94;68.16;60.82;66.44;57.35;71.43;52.92;62.82;57.38;57.82;42.68;42.6;57.9;75.44;57.54;41.41;61.5;0;59.13;67.23;71.42;45.3;61.47;56.52;54.15;54.92;83.97;55.82;82.11;53.62;83.33
30.jpg;65.39;62.2;51.01;46.82;46.34;63.12;63.35;51.6;55.55;53.31;53.5;59.66;65.57;52.64;73.09;42.26;35.71;56.52;38.84;45.73;69.14;47.25;47.53;56.28;58.85;60.99;59.13;0;70.23;42.54;59.76;60.08;54.17;61.23;62.3;61.69;60.38;64.29;51.12;67.51
19.jpeg;65.13;72.56;72.81;56.15;63.26;75.93;73.56;63.1;69.07;71.29;79.87;76.49;81.1;67.66;42.91;66.66;72.28;36.84;68.74;49.09;76.18;68.88;90.1;62.72;69.24;73.04;67.23;70.23;0;81.64;70.03;76.6;66.72;71.54;66.53;93.87;72.65;59.74;63.18;52.67
31.jpg;75.47;64.74;62.3;57.19;57.38;73.48;69.96;62.54;65.42;64.72;60.66;70.16;68.45;68.31;85.8;56.29;45.46;65.7;45.66;55.97;81.66;57.51;44.33;70.06;70.93;72.49;71.42;42.54;81.64;0;71.93;70.27;64.02;73.41;72.74;64.38;68.98;74.81;59.87;81.2
25.jpg;63.15;65.84;56.71;46.39;49;60.57;58.53;58.13;57.02;61.72;75.42;59.41;65.89;59.04;73.78;56.73;64.86;57.5;60.87;46.25;51.05;60.33;82.85;57.78;28.95;59.62;45.3;59.76;70.03;71.93;0;62.04;56.41;54.02;60.02;89.02;58.55;81.83;52.66;82.11
4.jpg;53.04;67.44;60.77;52.89;52.85;69.12;67.47;54.08;50.89;62.65;75.52;65.09;68.12;63.53;79.54;60.54;67.09;62.85;62.21;52.61;68.35;62.52;79.61;55.1;57.55;65.5;61.47;60.08;76.6;70.27;62.04;0;51.53;43.47;44.89;90.12;45.8;86.52;33.98;79.29
28.jpeg;60.52;69.57;54.2;24.39;49;57.52;59.56;56.1;58.25;54.6;68.22;66.89;74.25;55.7;69.05;49.74;61.08;53;54.34;39.97;67.16;57.66;79.41;24.79;54.73;55.78;56.52;54.17;66.72;64.02;56.41;51.53;0;49.13;51.1;81.4;51.19;77.86;50.95;78.29
5.jpg;43.34;60.89;57.87;44.92;50.99;58.11;60.56;59.46;52.9;63.18;71.96;52.67;60.42;54.94;76.31;57.92;65.97;58.76;62.84;47.8;54.76;55.24;82.67;55.67;48.68;60.5;54.15;61.23;71.54;73.41;54.02;43.47;49.13;0;31.49;91.13;30.21;83.2;43.17;83.66
7.jpg;43.52;57.35;60.64;48.71;51.99;65.35;61.84;57.99;55.51;64.98;71.59;52.38;60.49;59.36;67.05;58.5;67.28;51.61;63.04;44.2;60.42;56.82;84.73;54.28;52.9;61.85;54.92;62.3;66.53;72.74;60.02;44.89;51.1;31.49;0;91.72;29.27;76.95;43.93;77.52
32.jpeg;90.31;88.16;82.38;74.82;79.05;84.13;81.37;84.6;78.01;78.16;41.65;96.23;91.3;77.9;99.38;68.3;67.34;80.93;59.79;74.22;97.25;71.77;60.13;85.29;88.02;82.48;83.97;61.69;93.87;64.38;89.02;90.12;81.4;91.13;91.72;0;89.95;93.85;80.61;100
6.jpg;48.27;62.59;58.17;50.14;51.17;63.06;63.45;58.23;54.98;62.16;71.78;59.18;63.1;55.96;69.71;53.44;64.84;60.25;61.22;48.2;62.54;54.79;79.29;53.93;52.94;62.04;55.82;60.38;72.65;68.98;58.55;45.8;51.19;30.21;29.27;89.95;0;83.93;44.39;85.93
2.jpg;85.84;78.64;82.81;63.78;75.93;84.69;83.77;81.9;79.84;83.84;86.85;75.76;75.07;82.36;61.05;73.03;68.68;38.83;62.66;52.01;89.48;73.91;92.81;71.65;80.54;81.82;82.11;64.29;59.74;74.81;81.83;86.52;77.86;83.2;76.95;93.85;83.93;0;73.28;34.39
3.jpg;51.24;55.91;51.1;41.51;42.36;59.57;55.56;48.23;43.34;53.74;68.83;53.61;57.71;55.22;65.68;49.93;58.36;49.35;54.46;39.87;62.63;52.99;73.66;51.1;51.21;55.31;53.62;51.12;63.18;59.87;52.66;33.98;50.95;43.17;43.93;80.61;44.39;73.28;0;68.48
1.jpg;80.93;78.99;84.69;65.07;76.86;84.8;84.57;81.84;71.02;84.67;89.85;75.62;75.81;82.56;63.54;78.13;72.45;41.85;67.26;54.02;91.23;78.38;94.53;75.24;82.29;82.15;83.33;67.51;52.67;81.2;82.11;79.29;78.29;83.66;77.52;100;85.93;34.39;68.48;0
